sample_name	sample_type
11712.BLANK1.1A	TRUE
11712.BLANK1.1C	TRUE
11712.BLANK1.1F	TRUE
11712.BLANK1.1H	TRUE
11712.BLANK10.10A	TRUE
11712.BLANK10.10B	TRUE
11712.BLANK10.10E	TRUE
11712.BLANK10.10F	TRUE
11712.BLANK10.10G	TRUE
11712.BLANK10.10H	TRUE
11712.BLANK11.11A	TRUE
11712.BLANK11.11B	TRUE
11712.BLANK11.11D	TRUE
11712.BLANK11.11E	TRUE
11712.BLANK11.11F	TRUE
11712.BLANK11.11H	TRUE
11712.BLANK12.11B	TRUE
11712.BLANK12.11C	TRUE
11712.BLANK12.11D	TRUE
11712.BLANK12.11E	TRUE
11712.BLANK12.11F	TRUE
11712.BLANK12.11G	TRUE
11712.BLANK12.11H	TRUE
11712.BLANK12.12A	TRUE
11712.BLANK12.12C	TRUE
11712.BLANK12.12D	TRUE
11712.BLANK12.12E	TRUE
11712.BLANK12.12G	TRUE
11712.BLANK13.1A	TRUE
11712.BLANK13.1B	TRUE
11712.BLANK13.1E	TRUE
11712.BLANK13.1G	TRUE
11712.BLANK14.10D	TRUE
11712.BLANK14.10F	TRUE
11712.BLANK14.10G	TRUE
11712.BLANK14.10H	TRUE
11712.BLANK14.11E	TRUE
11712.BLANK14.11F	TRUE
11712.BLANK14.11G	TRUE
11712.BLANK14.11H	TRUE
11712.BLANK14.12C	TRUE
11712.BLANK14.12E	TRUE
11712.BLANK14.2B	TRUE
11712.BLANK14.2F	TRUE
11712.BLANK14.2G	TRUE
11712.BLANK14.2H	TRUE
11712.BLANK14.8H	TRUE
11712.BLANK14.9D	TRUE
11712.BLANK14.9F	TRUE
11712.BLANK14.9G	TRUE
11712.BLANK14.9H	TRUE
11712.BLANK15.12D	TRUE
11712.BLANK15.12E	TRUE
11712.BLANK15.12F	TRUE
11712.BLANK15.12G	TRUE
11712.BLANK15.3A	TRUE
11712.BLANK15.3B	TRUE
11712.BLANK15.3C	TRUE
11712.BLANK15.3E	TRUE
11712.BLANK15.3F	TRUE
11712.BLANK15.3G	TRUE
11712.BLANK15.3H	TRUE
11712.BLANK2.2B	TRUE
11712.BLANK2.2E	TRUE
11712.BLANK2.2F	TRUE
11712.BLANK2.2G	TRUE
11712.BLANK2.2H	TRUE
11712.BLANK3.3A	TRUE
11712.BLANK3.3C	TRUE
11712.BLANK3.3F	TRUE
11712.BLANK3.3G	TRUE
11712.BLANK4.4A	TRUE
11712.BLANK4.4D	TRUE
11712.BLANK4.4F	TRUE
11712.BLANK4.4G	TRUE
11712.BLANK4.4H	TRUE
11712.BLANK5.5B	TRUE
11712.BLANK5.5C	TRUE
11712.BLANK5.5E	TRUE
11712.BLANK5.5F	TRUE
11712.BLANK5.5G	TRUE
11712.BLANK6.6C	TRUE
11712.BLANK6.6D	TRUE
11712.BLANK6.6E	TRUE
11712.BLANK6.6F	TRUE
11712.BLANK6.6G	TRUE
11712.BLANK6.6H	TRUE
11712.BLANK7.7D	TRUE
11712.BLANK7.7E	TRUE
11712.BLANK7.7F	TRUE
11712.BLANK7.7G	TRUE
11712.BLANK7.7H	TRUE
11712.BLANK8.8A	TRUE
11712.BLANK8.8E	TRUE
11712.BLANK8.8F	TRUE
11712.BLANK8.8G	TRUE
11712.BLANK8.8H	TRUE
11712.BLANK9.9A	TRUE
11712.BLANK9.9C	TRUE
11712.BLANK9.9F	TRUE
11712.BLANK9.9H	TRUE
11712.SUBJECT1.ORAL.1	FALSE
11712.SUBJECT1.ORAL.10	FALSE
11712.SUBJECT1.ORAL.2	FALSE
11712.SUBJECT1.ORAL.3	FALSE
11712.SUBJECT1.ORAL.4	FALSE
11712.SUBJECT1.ORAL.5	FALSE
11712.SUBJECT1.ORAL.6	FALSE
11712.SUBJECT1.ORAL.7	FALSE
11712.SUBJECT1.ORAL.8	FALSE
11712.SUBJECT1.ORAL.9	FALSE
11712.SUBJECT1.SKIN.11	FALSE
11712.SUBJECT1.SKIN.12	FALSE
11712.SUBJECT1.SKIN.13	FALSE
11712.SUBJECT1.SKIN.14	FALSE
11712.SUBJECT1.SKIN.15	FALSE
11712.SUBJECT1.SKIN.16	FALSE
11712.SUBJECT1.SKIN.17	FALSE
11712.SUBJECT1.SKIN.18	FALSE
11712.SUBJECT1.SKIN.19	FALSE
11712.SUBJECT1.SKIN.20	FALSE
11712.SUBJECT1.STOOL.21	FALSE
11712.SUBJECT1.STOOL.22	FALSE
11712.SUBJECT1.STOOL.23	FALSE
11712.SUBJECT1.STOOL.24	FALSE
11712.SUBJECT1.STOOL.25	FALSE
11712.SUBJECT1.STOOL.26	FALSE
11712.SUBJECT1.STOOL.27	FALSE
11712.SUBJECT1.STOOL.28	FALSE
11712.SUBJECT1.STOOL.29	FALSE
11712.SUBJECT10.ORAL.30	FALSE
11712.SUBJECT10.ORAL.31	FALSE
11712.SUBJECT10.ORAL.32	FALSE
11712.SUBJECT10.ORAL.33	FALSE
11712.SUBJECT10.ORAL.34	FALSE
11712.SUBJECT10.ORAL.35	FALSE
11712.SUBJECT10.ORAL.36	FALSE
11712.SUBJECT10.ORAL.37	FALSE
11712.SUBJECT10.SKIN.38	FALSE
11712.SUBJECT10.SKIN.39	FALSE
11712.SUBJECT10.SKIN.40	FALSE
11712.SUBJECT10.SKIN.41	FALSE
11712.SUBJECT10.SKIN.42	FALSE
11712.SUBJECT10.SKIN.43	FALSE
11712.SUBJECT10.SKIN.44	FALSE
11712.SUBJECT10.SKIN.45	FALSE
11712.SUBJECT10.STOOL.46	FALSE
11712.SUBJECT10.STOOL.47	FALSE
11712.SUBJECT10.STOOL.48	FALSE
11712.SUBJECT10.STOOL.49	FALSE
11712.SUBJECT10.STOOL.50	FALSE
11712.SUBJECT10.STOOL.51	FALSE
11712.SUBJECT10.STOOL.52	FALSE
11712.SUBJECT11.ORAL.53	FALSE
11712.SUBJECT11.ORAL.54	FALSE
11712.SUBJECT11.ORAL.55	FALSE
11712.SUBJECT11.ORAL.56	FALSE
11712.SUBJECT11.SKIN.57	FALSE
11712.SUBJECT11.SKIN.58	FALSE
11712.SUBJECT11.SKIN.59	FALSE
11712.SUBJECT11.SKIN.60	FALSE
11712.SUBJECT11.STOOL.61	FALSE
11712.SUBJECT11.STOOL.62	FALSE
11712.SUBJECT11.STOOL.63	FALSE
11712.SUBJECT12.ORAL.64	FALSE
11712.SUBJECT12.ORAL.65	FALSE
11712.SUBJECT12.ORAL.66	FALSE
11712.SUBJECT12.ORAL.67	FALSE
11712.SUBJECT12.ORAL.68	FALSE
11712.SUBJECT12.ORAL.69	FALSE
11712.SUBJECT12.ORAL.70	FALSE
11712.SUBJECT12.ORAL.71	FALSE
11712.SUBJECT12.ORAL.72	FALSE
11712.SUBJECT12.ORAL.73	FALSE
11712.SUBJECT12.ORAL.74	FALSE
11712.SUBJECT12.ORAL.75	FALSE
11712.SUBJECT12.ORAL.76	FALSE
11712.SUBJECT12.ORAL.77	FALSE
11712.SUBJECT12.ORAL.78	FALSE
11712.SUBJECT12.SKIN.79	FALSE
11712.SUBJECT12.SKIN.80	FALSE
11712.SUBJECT12.SKIN.81	FALSE
11712.SUBJECT12.SKIN.82	FALSE
11712.SUBJECT12.SKIN.83	FALSE
11712.SUBJECT12.SKIN.84	FALSE
11712.SUBJECT12.SKIN.85	FALSE
11712.SUBJECT12.SKIN.86	FALSE
11712.SUBJECT12.SKIN.87	FALSE
11712.SUBJECT12.SKIN.88	FALSE
11712.SUBJECT12.SKIN.89	FALSE
11712.SUBJECT12.SKIN.90	FALSE
11712.SUBJECT12.SKIN.91	FALSE
11712.SUBJECT12.SKIN.92	FALSE
11712.SUBJECT12.SKIN.93	FALSE
11712.SUBJECT12.STOOL.100	FALSE
11712.SUBJECT12.STOOL.101	FALSE
11712.SUBJECT12.STOOL.102	FALSE
11712.SUBJECT12.STOOL.103	FALSE
11712.SUBJECT12.STOOL.104	FALSE
11712.SUBJECT12.STOOL.105	FALSE
11712.SUBJECT12.STOOL.106	FALSE
11712.SUBJECT12.STOOL.107	FALSE
11712.SUBJECT12.STOOL.94	FALSE
11712.SUBJECT12.STOOL.95	FALSE
11712.SUBJECT12.STOOL.96	FALSE
11712.SUBJECT12.STOOL.97	FALSE
11712.SUBJECT12.STOOL.98	FALSE
11712.SUBJECT12.STOOL.99	FALSE
11712.SUBJECT13.ORAL.108	FALSE
11712.SUBJECT13.ORAL.109	FALSE
11712.SUBJECT13.ORAL.110	FALSE
11712.SUBJECT13.SKIN.111	FALSE
11712.SUBJECT13.SKIN.112	FALSE
11712.SUBJECT13.SKIN.113	FALSE
11712.SUBJECT13.STOOL.114	FALSE
11712.SUBJECT13.STOOL.115	FALSE
11712.SUBJECT13.STOOL.116	FALSE
11712.SUBJECT14.ORAL.117	FALSE
11712.SUBJECT14.ORAL.118	FALSE
11712.SUBJECT14.ORAL.119	FALSE
11712.SUBJECT14.ORAL.120	FALSE
11712.SUBJECT14.ORAL.121	FALSE
11712.SUBJECT14.ORAL.122	FALSE
11712.SUBJECT14.ORAL.123	FALSE
11712.SUBJECT14.ORAL.124	FALSE
11712.SUBJECT14.ORAL.125	FALSE
11712.SUBJECT14.SKIN.126	FALSE
11712.SUBJECT14.SKIN.127	FALSE
11712.SUBJECT14.SKIN.128	FALSE
11712.SUBJECT14.SKIN.129	FALSE
11712.SUBJECT14.SKIN.130	FALSE
11712.SUBJECT14.SKIN.131	FALSE
11712.SUBJECT14.SKIN.132	FALSE
11712.SUBJECT14.SKIN.133	FALSE
11712.SUBJECT14.SKIN.134	FALSE
11712.SUBJECT14.SKIN.135	FALSE
11712.SUBJECT14.STOOL.136	FALSE
11712.SUBJECT14.STOOL.137	FALSE
11712.SUBJECT14.STOOL.138	FALSE
11712.SUBJECT14.STOOL.139	FALSE
11712.SUBJECT14.STOOL.140	FALSE
11712.SUBJECT14.STOOL.141	FALSE
11712.SUBJECT14.STOOL.142	FALSE
11712.SUBJECT14.STOOL.143	FALSE
11712.SUBJECT14.STOOL.144	FALSE
11712.SUBJECT15.ORAL.145	FALSE
11712.SUBJECT15.ORAL.146	FALSE
11712.SUBJECT15.ORAL.147	FALSE
11712.SUBJECT15.SKIN.148	FALSE
11712.SUBJECT15.SKIN.149	FALSE
11712.SUBJECT15.SKIN.150	FALSE
11712.SUBJECT15.STOOL.151	FALSE
11712.SUBJECT15.STOOL.152	FALSE
11712.SUBJECT16.ORAL.153	FALSE
11712.SUBJECT16.ORAL.154	FALSE
11712.SUBJECT16.ORAL.155	FALSE
11712.SUBJECT16.ORAL.156	FALSE
11712.SUBJECT16.ORAL.157	FALSE
11712.SUBJECT16.ORAL.158	FALSE
11712.SUBJECT16.ORAL.159	FALSE
11712.SUBJECT16.ORAL.160	FALSE
11712.SUBJECT16.ORAL.161	FALSE
11712.SUBJECT16.ORAL.162	FALSE
11712.SUBJECT16.ORAL.163	FALSE
11712.SUBJECT16.ORAL.164	FALSE
11712.SUBJECT16.ORAL.165	FALSE
11712.SUBJECT16.ORAL.166	FALSE
11712.SUBJECT16.ORAL.167	FALSE
11712.SUBJECT16.ORAL.168	FALSE
11712.SUBJECT16.ORAL.169	FALSE
11712.SUBJECT16.SKIN.170	FALSE
11712.SUBJECT16.SKIN.171	FALSE
11712.SUBJECT16.SKIN.172	FALSE
11712.SUBJECT16.SKIN.173	FALSE
11712.SUBJECT16.SKIN.174	FALSE
11712.SUBJECT16.SKIN.176	FALSE
11712.SUBJECT16.SKIN.177	FALSE
11712.SUBJECT16.SKIN.178	FALSE
11712.SUBJECT16.SKIN.179	FALSE
11712.SUBJECT16.SKIN.180	FALSE
11712.SUBJECT16.SKIN.181	FALSE
11712.SUBJECT16.SKIN.182	FALSE
11712.SUBJECT16.SKIN.183	FALSE
11712.SUBJECT16.SKIN.184	FALSE
11712.SUBJECT16.SKIN.185	FALSE
11712.SUBJECT16.SKIN.186	FALSE
11712.SUBJECT16.SKIN.187	FALSE
11712.SUBJECT16.STOOL.188	FALSE
11712.SUBJECT16.STOOL.189	FALSE
11712.SUBJECT16.STOOL.190	FALSE
11712.SUBJECT16.STOOL.191	FALSE
11712.SUBJECT16.STOOL.192	FALSE
11712.SUBJECT16.STOOL.193	FALSE
11712.SUBJECT16.STOOL.194	FALSE
11712.SUBJECT16.STOOL.195	FALSE
11712.SUBJECT16.STOOL.196	FALSE
11712.SUBJECT16.STOOL.197	FALSE
11712.SUBJECT16.STOOL.198	FALSE
11712.SUBJECT16.STOOL.199	FALSE
11712.SUBJECT16.STOOL.200	FALSE
11712.SUBJECT16.STOOL.201	FALSE
11712.SUBJECT17.ORAL.202	FALSE
11712.SUBJECT17.ORAL.203	FALSE
11712.SUBJECT17.ORAL.204	FALSE
11712.SUBJECT17.ORAL.205	FALSE
11712.SUBJECT17.ORAL.206	FALSE
11712.SUBJECT17.ORAL.207	FALSE
11712.SUBJECT17.ORAL.208	FALSE
11712.SUBJECT17.ORAL.209	FALSE
11712.SUBJECT17.ORAL.210	FALSE
11712.SUBJECT17.ORAL.211	FALSE
11712.SUBJECT17.ORAL.212	FALSE
11712.SUBJECT17.ORAL.213	FALSE
11712.SUBJECT17.ORAL.214	FALSE
11712.SUBJECT17.ORAL.215	FALSE
11712.SUBJECT17.ORAL.216	FALSE
11712.SUBJECT17.ORAL.217	FALSE
11712.SUBJECT17.ORAL.218	FALSE
11712.SUBJECT17.ORAL.219	FALSE
11712.SUBJECT17.ORAL.220	FALSE
11712.SUBJECT17.ORAL.221	FALSE
11712.SUBJECT17.ORAL.222	FALSE
11712.SUBJECT17.ORAL223	FALSE
11712.SUBJECT17.SKIN.224	FALSE
11712.SUBJECT17.SKIN.225	FALSE
11712.SUBJECT17.SKIN.226	FALSE
11712.SUBJECT17.SKIN.227	FALSE
11712.SUBJECT17.SKIN.228	FALSE
11712.SUBJECT17.SKIN.229	FALSE
11712.SUBJECT17.SKIN.230	FALSE
11712.SUBJECT17.SKIN.231	FALSE
11712.SUBJECT17.SKIN.232	FALSE
11712.SUBJECT17.SKIN.233	FALSE
11712.SUBJECT17.SKIN.234	FALSE
11712.SUBJECT17.SKIN.235	FALSE
11712.SUBJECT17.SKIN.236	FALSE
11712.SUBJECT17.SKIN.237	FALSE
11712.SUBJECT17.SKIN.238	FALSE
11712.SUBJECT17.SKIN.239	FALSE
11712.SUBJECT17.SKIN.240	FALSE
11712.SUBJECT17.SKIN.241	FALSE
11712.SUBJECT17.SKIN.242	FALSE
11712.SUBJECT17.SKIN.243	FALSE
11712.SUBJECT17.SKIN.244	FALSE
11712.SUBJECT17.SKIN.245	FALSE
11712.SUBJECT17.STOOL.246	FALSE
11712.SUBJECT17.STOOL.247	FALSE
11712.SUBJECT17.STOOL.248	FALSE
11712.SUBJECT17.STOOL.249	FALSE
11712.SUBJECT17.STOOL.250	FALSE
11712.SUBJECT17.STOOL.251	FALSE
11712.SUBJECT17.STOOL.252	FALSE
11712.SUBJECT17.STOOL.253	FALSE
11712.SUBJECT17.STOOL.254	FALSE
11712.SUBJECT17.STOOL.255	FALSE
11712.SUBJECT17.STOOL.257	FALSE
11712.SUBJECT17.STOOL.258	FALSE
11712.SUBJECT17.STOOL.259	FALSE
11712.SUBJECT17.STOOL.260	FALSE
11712.SUBJECT17.STOOL.261	FALSE
11712.SUBJECT17.STOOL.262	FALSE
11712.SUBJECT17.STOOL.263	FALSE
11712.SUBJECT17.STOOL.264	FALSE
11712.SUBJECT17.STOOL.265	FALSE
11712.SUBJECT17.STOOL.266	FALSE
11712.SUBJECT17.STOOL.267	FALSE
11712.SUBJECT18.ORAL.268	FALSE
11712.SUBJECT18.ORAL.269	FALSE
11712.SUBJECT18.ORAL.270	FALSE
11712.SUBJECT18.ORAL.271	FALSE
11712.SUBJECT18.ORAL.272	FALSE
11712.SUBJECT18.ORAL.273	FALSE
11712.SUBJECT18.ORAL.274	FALSE
11712.SUBJECT18.ORAL.275	FALSE
11712.SUBJECT18.ORAL.276	FALSE
11712.SUBJECT18.ORAL.277	FALSE
11712.SUBJECT18.ORAL.278	FALSE
11712.SUBJECT18.ORAL.279	FALSE
11712.SUBJECT18.ORAL.280	FALSE
11712.SUBJECT18.ORAL.281	FALSE
11712.SUBJECT18.ORAL.282	FALSE
11712.SUBJECT18.ORAL.283	FALSE
11712.SUBJECT18.ORAL.284	FALSE
11712.SUBJECT18.ORAL.285	FALSE
11712.SUBJECT18.ORAL.286	FALSE
11712.SUBJECT18.ORAL.287	FALSE
11712.SUBJECT18.ORAL.288	FALSE
11712.SUBJECT18.ORAL.289	FALSE
11712.SUBJECT18.SKIN.290	FALSE
11712.SUBJECT18.SKIN.291	FALSE
11712.SUBJECT18.SKIN.292	FALSE
11712.SUBJECT18.SKIN.293	FALSE
11712.SUBJECT18.SKIN.294	FALSE
11712.SUBJECT18.SKIN.295	FALSE
11712.SUBJECT18.SKIN.296	FALSE
11712.SUBJECT18.SKIN.297	FALSE
11712.SUBJECT18.SKIN.298	FALSE
11712.SUBJECT18.SKIN.299	FALSE
11712.SUBJECT18.SKIN.300	FALSE
11712.SUBJECT18.SKIN.301	FALSE
11712.SUBJECT18.SKIN.302	FALSE
11712.SUBJECT18.SKIN.303	FALSE
11712.SUBJECT18.SKIN.304	FALSE
11712.SUBJECT18.SKIN.305	FALSE
11712.SUBJECT18.SKIN.306	FALSE
11712.SUBJECT18.SKIN.307	FALSE
11712.SUBJECT18.SKIN.308	FALSE
11712.SUBJECT18.SKIN.309	FALSE
11712.SUBJECT18.SKIN.310	FALSE
11712.SUBJECT18.SKIN.311	FALSE
11712.SUBJECT18.STOOL.312	FALSE
11712.SUBJECT18.STOOL.313	FALSE
11712.SUBJECT18.STOOL.314	FALSE
11712.SUBJECT18.STOOL.315	FALSE
11712.SUBJECT18.STOOL.316	FALSE
11712.SUBJECT18.STOOL.317	FALSE
11712.SUBJECT18.STOOL.318	FALSE
11712.SUBJECT18.STOOL.319	FALSE
11712.SUBJECT18.STOOL.320	FALSE
11712.SUBJECT18.STOOL.321	FALSE
11712.SUBJECT18.STOOL.322	FALSE
11712.SUBJECT18.STOOL.323	FALSE
11712.SUBJECT18.STOOL.324	FALSE
11712.SUBJECT18.STOOL.325	FALSE
11712.SUBJECT18.STOOL.326	FALSE
11712.SUBJECT18.STOOL.327	FALSE
11712.SUBJECT18.STOOL.328	FALSE
11712.SUBJECT18.STOOL.329	FALSE
11712.SUBJECT18.STOOL.330	FALSE
11712.SUBJECT18.STOOL.331	FALSE
11712.SUBJECT18.STOOL.332	FALSE
11712.SUBJECT18.STOOL.333	FALSE
11712.SUBJECT19.ORAL.334	FALSE
11712.SUBJECT19.ORAL.335	FALSE
11712.SUBJECT19.ORAL.336	FALSE
11712.SUBJECT19.ORAL.337	FALSE
11712.SUBJECT19.ORAL.338	FALSE
11712.SUBJECT19.ORAL.339	FALSE
11712.SUBJECT19.ORAL.340	FALSE
11712.SUBJECT19.ORAL.341	FALSE
11712.SUBJECT19.ORAL.342	FALSE
11712.SUBJECT19.ORAL.343	FALSE
11712.SUBJECT19.ORAL.344	FALSE
11712.SUBJECT19.ORAL.345	FALSE
11712.SUBJECT19.ORAL.346	FALSE
11712.SUBJECT19.ORAL.347	FALSE
11712.SUBJECT19.ORAL.348	FALSE
11712.SUBJECT19.SKIN.349	FALSE
11712.SUBJECT19.SKIN.350	FALSE
11712.SUBJECT19.SKIN.351	FALSE
11712.SUBJECT19.SKIN.352	FALSE
11712.SUBJECT19.SKIN.353	FALSE
11712.SUBJECT19.SKIN.354	FALSE
11712.SUBJECT19.SKIN.355	FALSE
11712.SUBJECT19.SKIN.356	FALSE
11712.SUBJECT19.SKIN.357	FALSE
11712.SUBJECT19.SKIN.358	FALSE
11712.SUBJECT19.SKIN.359	FALSE
11712.SUBJECT19.SKIN.360	FALSE
11712.SUBJECT19.SKIN.361	FALSE
11712.SUBJECT19.SKIN.362	FALSE
11712.SUBJECT19.SKIN.363	FALSE
11712.SUBJECT19.STOOL.364	FALSE
11712.SUBJECT19.STOOL.365	FALSE
11712.SUBJECT19.STOOL.366	FALSE
11712.SUBJECT19.STOOL.367	FALSE
11712.SUBJECT19.STOOL.368	FALSE
11712.SUBJECT19.STOOL.369	FALSE
11712.SUBJECT19.STOOL.370	FALSE
11712.SUBJECT19.STOOL.371	FALSE
11712.SUBJECT19.STOOL.372	FALSE
11712.SUBJECT19.STOOL.373	FALSE
11712.SUBJECT19.STOOL.374	FALSE
11712.SUBJECT19.STOOL.375	FALSE
11712.SUBJECT19.STOOL.376	FALSE
11712.SUBJECT19.STOOL.377	FALSE
11712.SUBJECT19.STOOL.378	FALSE
11712.SUBJECT2.ORAL.379	FALSE
11712.SUBJECT2.ORAL.380	FALSE
11712.SUBJECT2.ORAL.381	FALSE
11712.SUBJECT2.ORAL.382	FALSE
11712.SUBJECT2.SKIN.383	FALSE
11712.SUBJECT2.SKIN.384	FALSE
11712.SUBJECT2.SKIN.385	FALSE
11712.SUBJECT2.SKIN.386	FALSE
11712.SUBJECT2.STOOL.387	FALSE
11712.SUBJECT2.STOOL.388	FALSE
11712.SUBJECT2.STOOL.389	FALSE
11712.SUBJECT2.STOOL.390	FALSE
11712.SUBJECT20.ORAL.391	FALSE
11712.SUBJECT20.ORAL.392	FALSE
11712.SUBJECT20.ORAL.393	FALSE
11712.SUBJECT20.ORAL.394	FALSE
11712.SUBJECT20.ORAL.395	FALSE
11712.SUBJECT20.ORAL.396	FALSE
11712.SUBJECT20.ORAL.397	FALSE
11712.SUBJECT20.ORAL.398	FALSE
11712.SUBJECT20.ORAL.399	FALSE
11712.SUBJECT20.ORAL.400	FALSE
11712.SUBJECT20.ORAL.401	FALSE
11712.SUBJECT20.ORAL.402	FALSE
11712.SUBJECT20.ORAL.403	FALSE
11712.SUBJECT20.ORAL.404	FALSE
11712.SUBJECT20.ORAL.405	FALSE
11712.SUBJECT20.SKIN.406	FALSE
11712.SUBJECT20.SKIN.407	FALSE
11712.SUBJECT20.SKIN.408	FALSE
11712.SUBJECT20.SKIN.409	FALSE
11712.SUBJECT20.SKIN.410	FALSE
11712.SUBJECT20.SKIN.411	FALSE
11712.SUBJECT20.SKIN.412	FALSE
11712.SUBJECT20.SKIN.413	FALSE
11712.SUBJECT20.SKIN.414	FALSE
11712.SUBJECT20.SKIN.415	FALSE
11712.SUBJECT20.SKIN.416	FALSE
11712.SUBJECT20.SKIN.417	FALSE
11712.SUBJECT20.SKIN.418	FALSE
11712.SUBJECT20.SKIN.419	FALSE
11712.SUBJECT20.STOOL.420	FALSE
11712.SUBJECT20.STOOL.421	FALSE
11712.SUBJECT20.STOOL.422	FALSE
11712.SUBJECT20.STOOL.423	FALSE
11712.SUBJECT20.STOOL.424	FALSE
11712.SUBJECT20.STOOL.425	FALSE
11712.SUBJECT20.STOOL.426	FALSE
11712.SUBJECT20.STOOL.427	FALSE
11712.SUBJECT20.STOOL.428	FALSE
11712.SUBJECT20.STOOL.429	FALSE
11712.SUBJECT20.STOOL.430	FALSE
11712.SUBJECT20.STOOL.431	FALSE
11712.SUBJECT20.STOOL.432	FALSE
11712.SUBJECT20.STOOL.433	FALSE
11712.SUBJECT20.STOOL.434	FALSE
11712.SUBJECT20.STOOL.435	FALSE
11712.SUBJECT21.ORAL.436	FALSE
11712.SUBJECT21.ORAL.437	FALSE
11712.SUBJECT21.ORAL.438	FALSE
11712.SUBJECT21.ORAL.439	FALSE
11712.SUBJECT21.ORAL.440	FALSE
11712.SUBJECT21.ORAL.441	FALSE
11712.SUBJECT21.ORAL.442	FALSE
11712.SUBJECT21.ORAL.443	FALSE
11712.SUBJECT21.ORAL.444	FALSE
11712.SUBJECT21.ORAL.445	FALSE
11712.SUBJECT21.SKIN.446	FALSE
11712.SUBJECT21.SKIN.447	FALSE
11712.SUBJECT21.SKIN.448	FALSE
11712.SUBJECT21.SKIN.449	FALSE
11712.SUBJECT21.SKIN.450	FALSE
11712.SUBJECT21.SKIN.451	FALSE
11712.SUBJECT21.SKIN.452	FALSE
11712.SUBJECT21.SKIN.453	FALSE
11712.SUBJECT21.SKIN.454	FALSE
11712.SUBJECT21.SKIN.455	FALSE
11712.SUBJECT21.STOOL.456	FALSE
11712.SUBJECT21.STOOL.457	FALSE
11712.SUBJECT21.STOOL.458	FALSE
11712.SUBJECT21.STOOL.459	FALSE
11712.SUBJECT21.STOOL.460	FALSE
11712.SUBJECT21.STOOL.461	FALSE
11712.SUBJECT21.STOOL.462	FALSE
11712.SUBJECT21.STOOL.463	FALSE
11712.SUBJECT21.STOOL.464	FALSE
11712.SUBJECT21.STOOL.465	FALSE
11712.SUBJECT22.ORAL.466	FALSE
11712.SUBJECT22.ORAL.467	FALSE
11712.SUBJECT22.ORAL.468	FALSE
11712.SUBJECT22.ORAL.469	FALSE
11712.SUBJECT22.ORAL.470	FALSE
11712.SUBJECT22.SKIN.471	FALSE
11712.SUBJECT22.SKIN.472	FALSE
11712.SUBJECT22.SKIN.473	FALSE
11712.SUBJECT22.SKIN.474	FALSE
11712.SUBJECT22.SKIN.475	FALSE
11712.SUBJECT22.STOOL.476	FALSE
11712.SUBJECT22.STOOL.477	FALSE
11712.SUBJECT22.STOOL.478	FALSE
11712.SUBJECT22.STOOL.479	FALSE
11712.SUBJECT23.ORAL.480	FALSE
11712.SUBJECT23.ORAL.481	FALSE
11712.SUBJECT23.ORAL.482	FALSE
11712.SUBJECT23.ORAL.483	FALSE
11712.SUBJECT23.ORAL.484	FALSE
11712.SUBJECT23.ORAL.485	FALSE
11712.SUBJECT23.ORAL.486	FALSE
11712.SUBJECT23.ORAL.487	FALSE
11712.SUBJECT23.ORAL.488	FALSE
11712.SUBJECT23.SKIN.489	FALSE
11712.SUBJECT23.SKIN.490	FALSE
11712.SUBJECT23.SKIN.491	FALSE
11712.SUBJECT23.SKIN.492	FALSE
11712.SUBJECT23.SKIN.493	FALSE
11712.SUBJECT23.SKIN.494	FALSE
11712.SUBJECT23.SKIN.495	FALSE
11712.SUBJECT23.SKIN.496	FALSE
11712.SUBJECT23.SKIN.497	FALSE
11712.SUBJECT23.STOOL.498	FALSE
11712.SUBJECT23.STOOL.499	FALSE
11712.SUBJECT23.STOOL.500	FALSE
11712.SUBJECT23.STOOL.501	FALSE
11712.SUBJECT23.STOOL.502	FALSE
11712.SUBJECT23.STOOL.503	FALSE
11712.SUBJECT23.STOOL.504	FALSE
11712.SUBJECT23.STOOL.505	FALSE
11712.SUBJECT23.STOOL.506	FALSE
11712.SUBJECT24.ORAL.507	FALSE
11712.SUBJECT24.ORAL.508	FALSE
11712.SUBJECT24.ORAL.509	FALSE
11712.SUBJECT24.ORAL.510	FALSE
11712.SUBJECT24.ORAL.511	FALSE
11712.SUBJECT24.ORAL.512	FALSE
11712.SUBJECT24.ORAL.513	FALSE
11712.SUBJECT24.SKIN.514	FALSE
11712.SUBJECT24.SKIN.515	FALSE
11712.SUBJECT24.SKIN.516	FALSE
11712.SUBJECT24.SKIN.517	FALSE
11712.SUBJECT24.SKIN.518	FALSE
11712.SUBJECT24.SKIN.519	FALSE
11712.SUBJECT24.SKIN.520	FALSE
11712.SUBJECT24.STOOL.521	FALSE
11712.SUBJECT24.STOOL.522	FALSE
11712.SUBJECT24.STOOL.523	FALSE
11712.SUBJECT24.STOOL.524	FALSE
11712.SUBJECT24.STOOL.525	FALSE
11712.SUBJECT24.STOOL.526	FALSE
11712.SUBJECT24.STOOL.527	FALSE
11712.SUBJECT25.ORAL.528	FALSE
11712.SUBJECT25.ORAL.529	FALSE
11712.SUBJECT25.ORAL.530	FALSE
11712.SUBJECT25.ORAL.531	FALSE
11712.SUBJECT25.ORAL.532	FALSE
11712.SUBJECT25.ORAL.533	FALSE
11712.SUBJECT25.ORAL.534	FALSE
11712.SUBJECT25.ORAL.535	FALSE
11712.SUBJECT25.ORAL.536	FALSE
11712.SUBJECT25.SKIN.537	FALSE
11712.SUBJECT25.SKIN.538	FALSE
11712.SUBJECT25.SKIN.539	FALSE
11712.SUBJECT25.SKIN.540	FALSE
11712.SUBJECT25.SKIN.541	FALSE
11712.SUBJECT25.SKIN.542	FALSE
11712.SUBJECT25.SKIN.543	FALSE
11712.SUBJECT25.SKIN.544	FALSE
11712.SUBJECT25.SKIN.545	FALSE
11712.SUBJECT25.STOOL.546	FALSE
11712.SUBJECT25.STOOL.547	FALSE
11712.SUBJECT25.STOOL.548	FALSE
11712.SUBJECT25.STOOL.549	FALSE
11712.SUBJECT25.STOOL.550	FALSE
11712.SUBJECT25.STOOL.551	FALSE
11712.SUBJECT25.STOOL.552	FALSE
11712.SUBJECT25.STOOL.553	FALSE
11712.SUBJECT25.STOOL.554	FALSE
11712.SUBJECT26.ORAL.555	FALSE
11712.SUBJECT26.ORAL.556	FALSE
11712.SUBJECT26.ORAL.557	FALSE
11712.SUBJECT26.ORAL.558	FALSE
11712.SUBJECT26.ORAL.559	FALSE
11712.SUBJECT26.ORAL.560	FALSE
11712.SUBJECT26.SKIN.561	FALSE
11712.SUBJECT26.SKIN.562	FALSE
11712.SUBJECT26.SKIN.563	FALSE
11712.SUBJECT26.SKIN.564	FALSE
11712.SUBJECT26.SKIN.565	FALSE
11712.SUBJECT26.SKIN.566	FALSE
11712.SUBJECT26.STOOL.567	FALSE
11712.SUBJECT26.STOOL.568	FALSE
11712.SUBJECT26.STOOL.569	FALSE
11712.SUBJECT26.STOOL.570	FALSE
11712.SUBJECT26.STOOL.571	FALSE
11712.SUBJECT26.STOOL.572	FALSE
11712.SUBJECT27.ORAL.573	FALSE
11712.SUBJECT27.ORAL.574	FALSE
11712.SUBJECT27.ORAL.575	FALSE
11712.SUBJECT27.ORAL.576	FALSE
11712.SUBJECT27.SKIN.577	FALSE
11712.SUBJECT27.SKIN.578	FALSE
11712.SUBJECT27.SKIN.579	FALSE
11712.SUBJECT27.SKIN.580	FALSE
11712.SUBJECT27.STOOL.581	FALSE
11712.SUBJECT27.STOOL.582	FALSE
11712.SUBJECT27.STOOL.583	FALSE
11712.SUBJECT28.ORAL.584	FALSE
11712.SUBJECT28.ORAL.585	FALSE
11712.SUBJECT28.ORAL.586	FALSE
11712.SUBJECT28.ORAL.587	FALSE
11712.SUBJECT28.ORAL.588	FALSE
11712.SUBJECT28.ORAL.589	FALSE
11712.SUBJECT28.ORAL.590	FALSE
11712.SUBJECT28.ORAL.591	FALSE
11712.SUBJECT28.SKIN.592	FALSE
11712.SUBJECT28.SKIN.593	FALSE
11712.SUBJECT28.SKIN.594	FALSE
11712.SUBJECT28.SKIN.595	FALSE
11712.SUBJECT28.SKIN.596	FALSE
11712.SUBJECT28.SKIN.597	FALSE
11712.SUBJECT28.SKIN.598	FALSE
11712.SUBJECT28.SKIN.599	FALSE
11712.SUBJECT28.STOOL.600	FALSE
11712.SUBJECT28.STOOL.601	FALSE
11712.SUBJECT28.STOOL.602	FALSE
11712.SUBJECT28.STOOL.603	FALSE
11712.SUBJECT28.STOOL.604	FALSE
11712.SUBJECT28.STOOL.605	FALSE
11712.SUBJECT28.STOOL.606	FALSE
11712.SUBJECT29.ORAL.607	FALSE
11712.SUBJECT29.ORAL.608	FALSE
11712.SUBJECT29.ORAL.609	FALSE
11712.SUBJECT29.ORAL.610	FALSE
11712.SUBJECT29.ORAL.611	FALSE
11712.SUBJECT29.SKIN.612	FALSE
11712.SUBJECT29.SKIN.613	FALSE
11712.SUBJECT29.SKIN.614	FALSE
11712.SUBJECT29.SKIN.615	FALSE
11712.SUBJECT29.SKIN.616	FALSE
11712.SUBJECT29.STOOL.617	FALSE
11712.SUBJECT29.STOOL.618	FALSE
11712.SUBJECT29.STOOL.619	FALSE
11712.SUBJECT3.ORAL.620	FALSE
11712.SUBJECT3.ORAL.621	FALSE
11712.SUBJECT3.ORAL.622	FALSE
11712.SUBJECT3.ORAL.623	FALSE
11712.SUBJECT3.ORAL.624	FALSE
11712.SUBJECT3.ORAL.625	FALSE
11712.SUBJECT3.ORAL.626	FALSE
11712.SUBJECT3.ORAL.627	FALSE
11712.SUBJECT3.SKIN.628	FALSE
11712.SUBJECT3.SKIN.629	FALSE
11712.SUBJECT3.SKIN.630	FALSE
11712.SUBJECT3.SKIN.631	FALSE
11712.SUBJECT3.SKIN.632	FALSE
11712.SUBJECT3.SKIN.633	FALSE
11712.SUBJECT3.SKIN.634	FALSE
11712.SUBJECT3.SKIN.635	FALSE
11712.SUBJECT3.STOOL.636	FALSE
11712.SUBJECT3.STOOL.637	FALSE
11712.SUBJECT3.STOOL.638	FALSE
11712.SUBJECT3.STOOL.639	FALSE
11712.SUBJECT3.STOOL.640	FALSE
11712.SUBJECT30.ORAL.641	FALSE
11712.SUBJECT30.ORAL.642	FALSE
11712.SUBJECT30.ORAL.643	FALSE
11712.SUBJECT30.ORAL.644	FALSE
11712.SUBJECT30.ORAL.645	FALSE
11712.SUBJECT30.ORAL.646	FALSE
11712.SUBJECT30.ORAL.647	FALSE
11712.SUBJECT30.ORAL.648	FALSE
11712.SUBJECT30.ORAL.649	FALSE
11712.SUBJECT30.ORAL.650	FALSE
11712.SUBJECT30.ORAL.651	FALSE
11712.SUBJECT30.ORAL.652	FALSE
11712.SUBJECT30.ORAL.653	FALSE
11712.SUBJECT30.ORAL.654	FALSE
11712.SUBJECT30.ORAL.655	FALSE
11712.SUBJECT30.ORAL.656	FALSE
11712.SUBJECT30.ORAL.657	FALSE
11712.SUBJECT30.SKIN.658	FALSE
11712.SUBJECT30.SKIN.659	FALSE
11712.SUBJECT30.SKIN.660	FALSE
11712.SUBJECT30.SKIN.661	FALSE
11712.SUBJECT30.SKIN.662	FALSE
11712.SUBJECT30.SKIN.663	FALSE
11712.SUBJECT30.SKIN.664	FALSE
11712.SUBJECT30.SKIN.665	FALSE
11712.SUBJECT30.SKIN.666	FALSE
11712.SUBJECT30.SKIN.667	FALSE
11712.SUBJECT30.SKIN.668	FALSE
11712.SUBJECT30.SKIN.669	FALSE
11712.SUBJECT30.SKIN.670	FALSE
11712.SUBJECT30.SKIN.671	FALSE
11712.SUBJECT30.SKIN.672	FALSE
11712.SUBJECT30.SKIN.673	FALSE
11712.SUBJECT30.SKIN.674	FALSE
11712.SUBJECT30.STOOL.675	FALSE
11712.SUBJECT30.STOOL.676	FALSE
11712.SUBJECT30.STOOL.677	FALSE
11712.SUBJECT30.STOOL.678	FALSE
11712.SUBJECT30.STOOL.679	FALSE
11712.SUBJECT30.STOOL.680	FALSE
11712.SUBJECT30.STOOL.681	FALSE
11712.SUBJECT30.STOOL.682	FALSE
11712.SUBJECT30.STOOL.683	FALSE
11712.SUBJECT30.STOOL.684	FALSE
11712.SUBJECT30.STOOL.685	FALSE
11712.SUBJECT30.STOOL.686	FALSE
11712.SUBJECT30.STOOL.687	FALSE
11712.SUBJECT30.STOOL.688	FALSE
11712.SUBJECT30.STOOL.689	FALSE
11712.SUBJECT31.ORAL.690	FALSE
11712.SUBJECT31.ORAL.691	FALSE
11712.SUBJECT31.ORAL.692	FALSE
11712.SUBJECT31.ORAL.693	FALSE
11712.SUBJECT31.ORAL.694	FALSE
11712.SUBJECT31.ORAL.695	FALSE
11712.SUBJECT31.ORAL.696	FALSE
11712.SUBJECT31.ORAL.697	FALSE
11712.SUBJECT31.ORAL.698	FALSE
11712.SUBJECT31.ORAL.699	FALSE
11712.SUBJECT31.ORAL.700	FALSE
11712.SUBJECT31.ORAL.701	FALSE
11712.SUBJECT31.STOOL.702	FALSE
11712.SUBJECT31.STOOL.703	FALSE
11712.SUBJECT31.STOOL.704	FALSE
11712.SUBJECT31.STOOL.705	FALSE
11712.SUBJECT31.STOOL.706	FALSE
11712.SUBJECT31.STOOL.707	FALSE
11712.SUBJECT31.STOOL.708	FALSE
11712.SUBJECT31.STOOL.709	FALSE
11712.SUBJECT31.STOOL.710	FALSE
11712.SUBJECT32.ORAL.711	FALSE
11712.SUBJECT32.ORAL.712	FALSE
11712.SUBJECT32.ORAL.713	FALSE
11712.SUBJECT32.ORAL.714	FALSE
11712.SUBJECT32.SKIN.715	FALSE
11712.SUBJECT32.SKIN.716	FALSE
11712.SUBJECT32.SKIN.717	FALSE
11712.SUBJECT32.SKIN.718	FALSE
11712.SUBJECT32.STOOL.719	FALSE
11712.SUBJECT32.STOOL.720	FALSE
11712.SUBJECT32.STOOL.721	FALSE
11712.SUBJECT32.STOOL.722	FALSE
11712.SUBJECT33.ORAL.723	FALSE
11712.SUBJECT33.ORAL.724	FALSE
11712.SUBJECT33.SKIN.725	FALSE
11712.SUBJECT33.SKIN.726	FALSE
11712.SUBJECT33.STOOL.727	FALSE
11712.SUBJECT33.STOOL.728	FALSE
11712.SUBJECT34.ORAL.729	FALSE
11712.SUBJECT34.ORAL.730	FALSE
11712.SUBJECT34.ORAL.731	FALSE
11712.SUBJECT34.ORAL.732	FALSE
11712.SUBJECT34.ORAL.733	FALSE
11712.SUBJECT34.ORAL.734	FALSE
11712.SUBJECT34.ORAL.735	FALSE
11712.SUBJECT34.ORAL.736	FALSE
11712.SUBJECT34.SKIN.737	FALSE
11712.SUBJECT34.SKIN.738	FALSE
11712.SUBJECT34.SKIN.739	FALSE
11712.SUBJECT34.SKIN.740	FALSE
11712.SUBJECT34.SKIN.741	FALSE
11712.SUBJECT34.SKIN.742	FALSE
11712.SUBJECT34.SKIN.743	FALSE
11712.SUBJECT34.SKIN.744	FALSE
11712.SUBJECT34.STOOL.745	FALSE
11712.SUBJECT34.STOOL.746	FALSE
11712.SUBJECT34.STOOL.747	FALSE
11712.SUBJECT34.STOOL.748	FALSE
11712.SUBJECT34.STOOL.749	FALSE
11712.SUBJECT34.STOOL.750	FALSE
11712.SUBJECT34.STOOL.751	FALSE
11712.SUBJECT34.STOOL.752	FALSE
11712.SUBJECT34.STOOL.753	FALSE
11712.SUBJECT35.ORAL.754	FALSE
11712.SUBJECT35.ORAL.755	FALSE
11712.SUBJECT35.ORAL.756	FALSE
11712.SUBJECT35.ORAL.757	FALSE
11712.SUBJECT35.ORAL.758	FALSE
11712.SUBJECT35.SKIN.759	FALSE
11712.SUBJECT35.SKIN.760	FALSE
11712.SUBJECT35.SKIN.761	FALSE
11712.SUBJECT35.SKIN.762	FALSE
11712.SUBJECT35.SKIN.763	FALSE
11712.SUBJECT35.STOOL.764	FALSE
11712.SUBJECT35.STOOL.765	FALSE
11712.SUBJECT35.STOOL.766	FALSE
11712.SUBJECT35.STOOL.767	FALSE
11712.SUBJECT35.STOOL.768	FALSE
11712.SUBJECT35.STOOL.769	FALSE
11712.SUBJECT36.ORAL.770	FALSE
11712.SUBJECT36.ORAL.771	FALSE
11712.SUBJECT36.ORAL.772	FALSE
11712.SUBJECT36.ORAL.773	FALSE
11712.SUBJECT36.ORAL.774	FALSE
11712.SUBJECT36.ORAL.775	FALSE
11712.SUBJECT36.SKIN.776	FALSE
11712.SUBJECT36.SKIN.777	FALSE
11712.SUBJECT36.SKIN.778	FALSE
11712.SUBJECT36.SKIN.779	FALSE
11712.SUBJECT36.SKIN.780	FALSE
11712.SUBJECT36.SKIN.781	FALSE
11712.SUBJECT36.STOOL.782	FALSE
11712.SUBJECT36.STOOL.783	FALSE
11712.SUBJECT36.STOOL.784	FALSE
11712.SUBJECT36.STOOL.785	FALSE
11712.SUBJECT36.STOOL.786	FALSE
11712.SUBJECT36.STOOL.787	FALSE
11712.SUBJECT37.ORAL.788	FALSE
11712.SUBJECT37.ORAL.789	FALSE
11712.SUBJECT37.ORAL.790	FALSE
11712.SUBJECT37.ORAL.791	FALSE
11712.SUBJECT37.ORAL.792	FALSE
11712.SUBJECT37.ORAL.793	FALSE
11712.SUBJECT37.SKIN.794	FALSE
11712.SUBJECT37.SKIN.795	FALSE
11712.SUBJECT37.SKIN.796	FALSE
11712.SUBJECT37.SKIN.797	FALSE
11712.SUBJECT37.SKIN.798	FALSE
11712.SUBJECT37.SKIN.799	FALSE
11712.SUBJECT37.STOOL.800	FALSE
11712.SUBJECT37.STOOL.801	FALSE
11712.SUBJECT37.STOOL.802	FALSE
11712.SUBJECT37.STOOL.803	FALSE
11712.SUBJECT37.STOOL.804	FALSE
11712.SUBJECT38.ORAL.805	FALSE
11712.SUBJECT38.ORAL.806	FALSE
11712.SUBJECT38.ORAL.807	FALSE
11712.SUBJECT38.ORAL.808	FALSE
11712.SUBJECT38.ORAL.809	FALSE
11712.SUBJECT38.ORAL.810	FALSE
11712.SUBJECT38.ORAL.811	FALSE
11712.SUBJECT38.ORAL.812	FALSE
11712.SUBJECT38.SKIN.813	FALSE
11712.SUBJECT38.SKIN.814	FALSE
11712.SUBJECT38.SKIN.815	FALSE
11712.SUBJECT38.SKIN.816	FALSE
11712.SUBJECT38.SKIN.817	FALSE
11712.SUBJECT38.SKIN.818	FALSE
11712.SUBJECT38.SKIN.819	FALSE
11712.SUBJECT38.SKIN.820	FALSE
11712.SUBJECT38.STOOL.821	FALSE
11712.SUBJECT38.STOOL.822	FALSE
11712.SUBJECT38.STOOL.823	FALSE
11712.SUBJECT38.STOOL.824	FALSE
11712.SUBJECT38.STOOL.825	FALSE
11712.SUBJECT38.STOOL.826	FALSE
11712.SUBJECT38.STOOL.827	FALSE
11712.SUBJECT39.ORAL.828	FALSE
11712.SUBJECT39.ORAL.829	FALSE
11712.SUBJECT39.ORAL.830	FALSE
11712.SUBJECT39.ORAL.831	FALSE
11712.SUBJECT39.SKIN.832	FALSE
11712.SUBJECT39.SKIN.833	FALSE
11712.SUBJECT39.SKIN.834	FALSE
11712.SUBJECT39.SKIN.835	FALSE
11712.SUBJECT39.STOOL.837	FALSE
11712.SUBJECT39.STOOL.838	FALSE
11712.SUBJECT39.STOOL.839	FALSE
11712.SUBJECT4.ORAL.840	FALSE
11712.SUBJECT4.ORAL.841	FALSE
11712.SUBJECT4.ORAL.842	FALSE
11712.SUBJECT4.ORAL.843	FALSE
11712.SUBJECT4.ORAL.844	FALSE
11712.SUBJECT4.ORAL.845	FALSE
11712.SUBJECT4.ORAL.846	FALSE
11712.SUBJECT4.ORAL.847	FALSE
11712.SUBJECT4.ORAL.848	FALSE
11712.SUBJECT4.ORAL.849	FALSE
11712.SUBJECT4.SKIN.850	FALSE
11712.SUBJECT4.SKIN.851	FALSE
11712.SUBJECT4.SKIN.852	FALSE
11712.SUBJECT4.SKIN.853	FALSE
11712.SUBJECT4.SKIN.854	FALSE
11712.SUBJECT4.SKIN.855	FALSE
11712.SUBJECT4.SKIN.856	FALSE
11712.SUBJECT4.SKIN.857	FALSE
11712.SUBJECT4.SKIN.858	FALSE
11712.SUBJECT4.SKIN.859	FALSE
11712.SUBJECT4.SKIN.860	FALSE
11712.SUBJECT4.STOOL.861	FALSE
11712.SUBJECT4.STOOL.862	FALSE
11712.SUBJECT4.STOOL.863	FALSE
11712.SUBJECT4.STOOL.864	FALSE
11712.SUBJECT4.STOOL.865	FALSE
11712.SUBJECT4.STOOL.866	FALSE
11712.SUBJECT4.STOOL.867	FALSE
11712.SUBJECT4.STOOL.868	FALSE
11712.SUBJECT4.STOOL.869	FALSE
11712.SUBJECT4.STOOL.870	FALSE
11712.SUBJECT4.STOOL.871	FALSE
11712.SUBJECT40.ORAL.872	FALSE
11712.SUBJECT40.ORAL.873	FALSE
11712.SUBJECT40.ORAL.874	FALSE
11712.SUBJECT40.ORAL.875	FALSE
11712.SUBJECT40.ORAL.876	FALSE
11712.SUBJECT40.ORAL.877	FALSE
11712.SUBJECT40.ORAL.878	FALSE
11712.SUBJECT40.ORAL.879	FALSE
11712.SUBJECT40.ORAL.880	FALSE
11712.SUBJECT40.ORAL.881	FALSE
11712.SUBJECT40.ORAL.882	FALSE
11712.SUBJECT40.ORAL.883	FALSE
11712.SUBJECT40.ORAL.884	FALSE
11712.SUBJECT40.ORAL.885	FALSE
11712.SUBJECT40.ORAL.886	FALSE
11712.SUBJECT40.ORAL.887	FALSE
11712.SUBJECT40.ORAL.888	FALSE
11712.SUBJECT40.ORAL.889	FALSE
11712.SUBJECT40.ORAL.890	FALSE
11712.SUBJECT40.ORAL.891	FALSE
11712.SUBJECT40.SKIN.892	FALSE
11712.SUBJECT40.SKIN.893	FALSE
11712.SUBJECT40.SKIN.894	FALSE
11712.SUBJECT40.SKIN.895	FALSE
11712.SUBJECT40.SKIN.896	FALSE
11712.SUBJECT40.SKIN.897	FALSE
11712.SUBJECT40.SKIN.898	FALSE
11712.SUBJECT40.SKIN.899	FALSE
11712.SUBJECT40.SKIN.900	FALSE
11712.SUBJECT40.SKIN.901	FALSE
11712.SUBJECT40.SKIN.902	FALSE
11712.SUBJECT40.SKIN.903	FALSE
11712.SUBJECT40.SKIN.904	FALSE
11712.SUBJECT40.SKIN.905	FALSE
11712.SUBJECT40.SKIN.906	FALSE
11712.SUBJECT40.SKIN.907	FALSE
11712.SUBJECT40.SKIN.908	FALSE
11712.SUBJECT40.SKIN.909	FALSE
11712.SUBJECT40.SKIN.910	FALSE
11712.SUBJECT40.SKIN.911	FALSE
11712.SUBJECT40.SKIN.912	FALSE
11712.SUBJECT40.STOOL.913	FALSE
11712.SUBJECT40.STOOL.914	FALSE
11712.SUBJECT40.STOOL.915	FALSE
11712.SUBJECT40.STOOL.916	FALSE
11712.SUBJECT40.STOOL.917	FALSE
11712.SUBJECT40.STOOL.918	FALSE
11712.SUBJECT40.STOOL.919	FALSE
11712.SUBJECT40.STOOL.920	FALSE
11712.SUBJECT40.STOOL.921	FALSE
11712.SUBJECT40.STOOL.922	FALSE
11712.SUBJECT40.STOOL.923	FALSE
11712.SUBJECT40.STOOL.924	FALSE
11712.SUBJECT40.STOOL.925	FALSE
11712.SUBJECT40.STOOL.926	FALSE
11712.SUBJECT40.STOOL.927	FALSE
11712.SUBJECT40.STOOL.928	FALSE
11712.SUBJECT40.STOOL.929	FALSE
11712.SUBJECT40.STOOL.930	FALSE
11712.SUBJECT41.ORAL.931	FALSE
11712.SUBJECT41.ORAL.932	FALSE
11712.SUBJECT41.ORAL.933	FALSE
11712.SUBJECT41.ORAL.934	FALSE
11712.SUBJECT41.ORAL.935	FALSE
11712.SUBJECT41.ORAL.936	FALSE
11712.SUBJECT41.ORAL.937	FALSE
11712.SUBJECT41.ORAL.938	FALSE
11712.SUBJECT41.ORAL.939	FALSE
11712.SUBJECT41.ORAL.940	FALSE
11712.SUBJECT41.ORAL.941	FALSE
11712.SUBJECT41.ORAL.942	FALSE
11712.SUBJECT41.ORAL.943	FALSE
11712.SUBJECT41.ORAL.944	FALSE
11712.SUBJECT41.ORAL.945	FALSE
11712.SUBJECT41.ORAL.946	FALSE
11712.SUBJECT41.SKIN.947	FALSE
11712.SUBJECT41.SKIN.948	FALSE
11712.SUBJECT41.SKIN.949	FALSE
11712.SUBJECT41.SKIN.950	FALSE
11712.SUBJECT41.SKIN.951	FALSE
11712.SUBJECT41.SKIN.952	FALSE
11712.SUBJECT41.SKIN.953	FALSE
11712.SUBJECT41.SKIN.954	FALSE
11712.SUBJECT41.SKIN.955	FALSE
11712.SUBJECT41.SKIN.956	FALSE
11712.SUBJECT41.SKIN.957	FALSE
11712.SUBJECT41.SKIN.958	FALSE
11712.SUBJECT41.SKIN.959	FALSE
11712.SUBJECT41.SKIN.960	FALSE
11712.SUBJECT41.SKIN.961	FALSE
11712.SUBJECT41.SKIN.962	FALSE
11712.SUBJECT41.STOOL.963	FALSE
11712.SUBJECT41.STOOL.964	FALSE
11712.SUBJECT41.STOOL.965	FALSE
11712.SUBJECT41.STOOL.967	FALSE
11712.SUBJECT41.STOOL.968	FALSE
11712.SUBJECT41.STOOL.969	FALSE
11712.SUBJECT41.STOOL.970	FALSE
11712.SUBJECT41.STOOL.971	FALSE
11712.SUBJECT41.STOOL.972	FALSE
11712.SUBJECT41.STOOL.973	FALSE
11712.SUBJECT41.STOOL.974	FALSE
11712.SUBJECT41.STOOL.975	FALSE
11712.SUBJECT41.STOOL.976	FALSE
11712.SUBJECT41.STOOL.977	FALSE
11712.SUBJECT41.STOOL.978	FALSE
11712.SUBJECT42.ORAL.979	FALSE
11712.SUBJECT42.ORAL.980	FALSE
11712.SUBJECT42.ORAL.981	FALSE
11712.SUBJECT42.ORAL.982	FALSE
11712.SUBJECT42.ORAL.983	FALSE
11712.SUBJECT42.ORAL.984	FALSE
11712.SUBJECT42.ORAL.985	FALSE
11712.SUBJECT42.ORAL.986	FALSE
11712.SUBJECT42.ORAL.987	FALSE
11712.SUBJECT42.ORAL.988	FALSE
11712.SUBJECT42.ORAL.990	FALSE
11712.SUBJECT42.ORAL.991	FALSE
11712.SUBJECT42.ORAL.992	FALSE
11712.SUBJECT42.ORAL.993	FALSE
11712.SUBJECT42.SKIN.1000	FALSE
11712.SUBJECT42.SKIN.1001	FALSE
11712.SUBJECT42.SKIN.1002	FALSE
11712.SUBJECT42.SKIN.1003	FALSE
11712.SUBJECT42.SKIN.1004	FALSE
11712.SUBJECT42.SKIN.1005	FALSE
11712.SUBJECT42.SKIN.1006	FALSE
11712.SUBJECT42.SKIN.1007	FALSE
11712.SUBJECT42.SKIN.1008	FALSE
11712.SUBJECT42.SKIN.1009	FALSE
11712.SUBJECT42.SKIN.994	FALSE
11712.SUBJECT42.SKIN.995	FALSE
11712.SUBJECT42.SKIN.996	FALSE
11712.SUBJECT42.SKIN.997	FALSE
11712.SUBJECT42.SKIN.998	FALSE
11712.SUBJECT42.SKIN.999	FALSE
11712.SUBJECT42.STOOL.1010	FALSE
11712.SUBJECT42.STOOL.1012	FALSE
11712.SUBJECT42.STOOL.1013	FALSE
11712.SUBJECT42.STOOL.1014	FALSE
11712.SUBJECT42.STOOL.1015	FALSE
11712.SUBJECT42.STOOL.1016	FALSE
11712.SUBJECT42.STOOL.1017	FALSE
11712.SUBJECT42.STOOL.1018	FALSE
11712.SUBJECT42.STOOL.1019	FALSE
11712.SUBJECT42.STOOL.1020	FALSE
11712.SUBJECT42.STOOL.1021	FALSE
11712.SUBJECT42.STOOL.1022	FALSE
11712.SUBJECT42.STOOL.1023	FALSE
11712.SUBJECT43.ORAL.1024	FALSE
11712.SUBJECT43.ORAL.1025	FALSE
11712.SUBJECT43.ORAL.1026	FALSE
11712.SUBJECT43.ORAL.1027	FALSE
11712.SUBJECT43.ORAL.1028	FALSE
11712.SUBJECT43.ORAL.1029	FALSE
11712.SUBJECT43.ORAL.1030	FALSE
11712.SUBJECT43.ORAL.1031	FALSE
11712.SUBJECT43.ORAL.1032	FALSE
11712.SUBJECT43.ORAL.1033	FALSE
11712.SUBJECT43.ORAL.1034	FALSE
11712.SUBJECT43.ORAL.1035	FALSE
11712.SUBJECT43.ORAL.1036	FALSE
11712.SUBJECT43.ORAL.1037	FALSE
11712.SUBJECT43.ORAL.1038	FALSE
11712.SUBJECT43.ORAL.1039	FALSE
11712.SUBJECT43.ORAL.1040	FALSE
11712.SUBJECT43.ORAL.1041	FALSE
11712.SUBJECT43.ORAL.1042	FALSE
11712.SUBJECT43.ORAL.1043	FALSE
11712.SUBJECT43.SKIN.1044	FALSE
11712.SUBJECT43.SKIN.1045	FALSE
11712.SUBJECT43.SKIN.1046	FALSE
11712.SUBJECT43.SKIN.1047	FALSE
11712.SUBJECT43.SKIN.1048	FALSE
11712.SUBJECT43.SKIN.1049	FALSE
11712.SUBJECT43.SKIN.1050	FALSE
11712.SUBJECT43.SKIN.1051	FALSE
11712.SUBJECT43.SKIN.1052	FALSE
11712.SUBJECT43.SKIN.1053	FALSE
11712.SUBJECT43.SKIN.1054	FALSE
11712.SUBJECT43.SKIN.1055	FALSE
11712.SUBJECT43.SKIN.1056	FALSE
11712.SUBJECT43.SKIN.1057	FALSE
11712.SUBJECT43.SKIN.1058	FALSE
11712.SUBJECT43.SKIN.1059	FALSE
11712.SUBJECT43.SKIN.1060	FALSE
11712.SUBJECT43.SKIN.1061	FALSE
11712.SUBJECT43.SKIN.1062	FALSE
11712.SUBJECT43.SKIN.1063	FALSE
11712.SUBJECT43.STOOL.1064	FALSE
11712.SUBJECT43.STOOL.1065	FALSE
11712.SUBJECT43.STOOL.1066	FALSE
11712.SUBJECT43.STOOL.1067	FALSE
11712.SUBJECT43.STOOL.1068	FALSE
11712.SUBJECT43.STOOL.1069	FALSE
11712.SUBJECT43.STOOL.1070	FALSE
11712.SUBJECT43.STOOL.1071	FALSE
11712.SUBJECT43.STOOL.1072	FALSE
11712.SUBJECT43.STOOL.1073	FALSE
11712.SUBJECT43.STOOL.1074	FALSE
11712.SUBJECT43.STOOL.1075	FALSE
11712.SUBJECT43.STOOL.1076	FALSE
11712.SUBJECT43.STOOL.1077	FALSE
11712.SUBJECT43.STOOL.1078	FALSE
11712.SUBJECT43.STOOL.1079	FALSE
11712.SUBJECT43.STOOL.1080	FALSE
11712.SUBJECT43.STOOL.1081	FALSE
11712.SUBJECT43.STOOL.1082	FALSE
11712.SUBJECT5.ORAL.1083	FALSE
11712.SUBJECT5.ORAL.1084	FALSE
11712.SUBJECT5.SKIN.1085	FALSE
11712.SUBJECT5.SKIN.1086	FALSE
11712.SUBJECT6.ORAL.1087	FALSE
11712.SUBJECT6.ORAL.1088	FALSE
11712.SUBJECT6.ORAL.1089	FALSE
11712.SUBJECT6.ORAL.1090	FALSE
11712.SUBJECT6.ORAL.1091	FALSE
11712.SUBJECT6.SKIN.1092	FALSE
11712.SUBJECT6.SKIN.1093	FALSE
11712.SUBJECT6.SKIN.1094	FALSE
11712.SUBJECT6.SKIN.1095	FALSE
11712.SUBJECT6.SKIN.1096	FALSE
11712.SUBJECT6.STOOL.1097	FALSE
11712.SUBJECT6.STOOL.1098	FALSE
11712.SUBJECT6.STOOL.1099	FALSE
11712.SUBJECT6.STOOL.1100	FALSE
11712.SUBJECT6.STOOL.1101	FALSE
11712.SUBJECT7.ORAL.1102	FALSE
11712.SUBJECT7.ORAL.1103	FALSE
11712.SUBJECT7.ORAL.1104	FALSE
11712.SUBJECT7.ORAL.1105	FALSE
11712.SUBJECT7.ORAL.1106	FALSE
11712.SUBJECT7.SKIN.1107	FALSE
11712.SUBJECT7.SKIN.1108	FALSE
11712.SUBJECT7.SKIN.1109	FALSE
11712.SUBJECT7.SKIN.1110	FALSE
11712.SUBJECT7.STOOL.1111	FALSE
11712.SUBJECT7.STOOL.1112	FALSE
11712.SUBJECT7.STOOL.1113	FALSE
11712.SUBJECT7.STOOL.1114	FALSE
11712.SUBJECT7.STOOL.1115	FALSE
11712.SUBJECT8.ORAL.1116	FALSE
11712.SUBJECT8.ORAL.1117	FALSE
11712.SUBJECT8.ORAL.1118	FALSE
11712.SUBJECT8.ORAL.1119	FALSE
11712.SUBJECT8.ORAL.1120	FALSE
11712.SUBJECT8.ORAL.1121	FALSE
11712.SUBJECT8.ORAL.1122	FALSE
11712.SUBJECT8.ORAL.1123	FALSE
11712.SUBJECT8.ORAL.1124	FALSE
11712.SUBJECT8.ORAL.1125	FALSE
11712.SUBJECT8.ORAL.1126	FALSE
11712.SUBJECT8.ORAL.1127	FALSE
11712.SUBJECT8.ORAL.1128	FALSE
11712.SUBJECT8.ORAL.1129	FALSE
11712.SUBJECT8.ORAL.1130	FALSE
11712.SUBJECT8.ORAL.1131	FALSE
11712.SUBJECT8.ORAL.1132	FALSE
11712.SUBJECT8.SKIN.1133	FALSE
11712.SUBJECT8.SKIN.1134	FALSE
11712.SUBJECT8.SKIN.1135	FALSE
11712.SUBJECT8.SKIN.1136	FALSE
11712.SUBJECT8.SKIN.1137	FALSE
11712.SUBJECT8.SKIN.1138	FALSE
11712.SUBJECT8.SKIN.1139	FALSE
11712.SUBJECT8.SKIN.1140	FALSE
11712.SUBJECT8.SKIN.1141	FALSE
11712.SUBJECT8.SKIN.1142	FALSE
11712.SUBJECT8.SKIN.1143	FALSE
11712.SUBJECT8.SKIN.1144	FALSE
11712.SUBJECT8.SKIN.1145	FALSE
11712.SUBJECT8.SKIN.1146	FALSE
11712.SUBJECT8.SKIN.1147	FALSE
11712.SUBJECT8.SKIN.1148	FALSE
11712.SUBJECT8.SKIN.1149	FALSE
11712.SUBJECT8.STOOL.1150	FALSE
11712.SUBJECT8.STOOL.1151	FALSE
11712.SUBJECT8.STOOL.1152	FALSE
11712.SUBJECT8.STOOL.1153	FALSE
11712.SUBJECT8.STOOL.1154	FALSE
11712.SUBJECT8.STOOL.1155	FALSE
11712.SUBJECT8.STOOL.1157	FALSE
11712.SUBJECT8.STOOL.1158	FALSE
11712.SUBJECT8.STOOL.1159	FALSE
11712.SUBJECT8.STOOL.1160	FALSE
11712.SUBJECT8.STOOL.1161	FALSE
11712.SUBJECT8.STOOL.1162	FALSE
11712.SUBJECT8.STOOL.1163	FALSE
11712.SUBJECT8.STOOL.1164	FALSE
11712.SUBJECT8.STOOL.1165	FALSE
11712.SUBJECT9.ORAL.1166	FALSE
11712.SUBJECT9.ORAL.1167	FALSE
11712.SUBJECT9.ORAL.1168	FALSE
11712.SUBJECT9.ORAL.1169	FALSE
11712.SUBJECT9.ORAL.1170	FALSE
11712.SUBJECT9.ORAL.1171	FALSE
11712.SUBJECT9.ORAL.1172	FALSE
11712.SUBJECT9.ORAL.1173	FALSE
11712.SUBJECT9.ORAL.1174	FALSE
11712.SUBJECT9.ORAL.1175	FALSE
11712.SUBJECT9.ORAL.1176	FALSE
11712.SUBJECT9.ORAL.1177	FALSE
11712.SUBJECT9.ORAL.1178	FALSE
11712.SUBJECT9.ORAL.1179	FALSE
11712.SUBJECT9.ORAL.1180	FALSE
11712.SUBJECT9.ORAL.1181	FALSE
11712.SUBJECT9.ORAL.1182	FALSE
11712.SUBJECT9.ORAL.1183	FALSE
11712.SUBJECT9.ORAL.1184	FALSE
11712.SUBJECT9.SKIN.1185	FALSE
11712.SUBJECT9.SKIN.1186	FALSE
11712.SUBJECT9.SKIN.1187	FALSE
11712.SUBJECT9.SKIN.1188	FALSE
11712.SUBJECT9.SKIN.1189	FALSE
11712.SUBJECT9.SKIN.1190	FALSE
11712.SUBJECT9.SKIN.1191	FALSE
11712.SUBJECT9.SKIN.1192	FALSE
11712.SUBJECT9.SKIN.1193	FALSE
11712.SUBJECT9.SKIN.1194	FALSE
11712.SUBJECT9.SKIN.1195	FALSE
11712.SUBJECT9.SKIN.1196	FALSE
11712.SUBJECT9.SKIN.1197	FALSE
11712.SUBJECT9.SKIN.1198	FALSE
11712.SUBJECT9.SKIN.1199	FALSE
11712.SUBJECT9.SKIN.1200	FALSE
11712.SUBJECT9.SKIN.1201	FALSE
11712.SUBJECT9.SKIN.1202	FALSE
11712.SUBJECT9.SKIN.1203	FALSE
11712.SUBJECT9.SKIN.1204	FALSE
11712.SUBJECT9.STOOL.1205	FALSE
11712.SUBJECT9.STOOL.1206	FALSE
11712.SUBJECT9.STOOL.1207	FALSE
11712.SUBJECT9.STOOL.1208	FALSE
11712.SUBJECT9.STOOL.1209	FALSE
11712.SUBJECT9.STOOL.1210	FALSE
11712.SUBJECT9.STOOL.1211	FALSE
11712.SUBJECT9.STOOL.1212	FALSE
11712.SUBJECT9.STOOL.1213	FALSE
11712.SUBJECT9.STOOL.1214	FALSE
11712.SUBJECT9.STOOL.1215	FALSE
11712.SUBJECT9.STOOL.1216	FALSE
11712.SUBJECT9.STOOL.1217	FALSE
11712.SUBJECT9.STOOL.1218	FALSE
11712.SUBJECT9.STOOL.1219	FALSE
11712.SUBJECT9.STOOL.1220	FALSE
11712.SUBJECT9.STOOL.1221	FALSE
11712.SUBJECT9.STOOL.1223	FALSE
11712.SUBJECT9.STOOL.1224	FALSE
11712.SUBJECT9.STOOL1222	FALSE
11713.1.C.1A	FALSE
11713.1.C.1B	FALSE
11713.1.C.1C	FALSE
11713.1.F.1A	FALSE
11713.1.F.1B	FALSE
11713.1.F.1C	FALSE
11713.1.F.1D	FALSE
11713.1.F.1E	FALSE
11713.1.F.1F	FALSE
11713.1.O.1A	FALSE
11713.1.O.1B	FALSE
11713.1.O.1C	FALSE
11713.1.O.1D	FALSE
11713.1.O.1E	FALSE
11713.1.O.1F	FALSE
11713.1.O.1G	FALSE
11713.1.O.1H	FALSE
11713.1.S.1A	FALSE
11713.1.S.1C	FALSE
11713.1.S.1D	FALSE
11713.1.S.1E	FALSE
11713.1.S.1F	FALSE
11713.1.S.1G	FALSE
11713.1.S.1H	FALSE
11713.10.F.10A	FALSE
11713.10.F.10B	FALSE
11713.10.F.10C	FALSE
11713.10.F.10D	FALSE
11713.10.F.10E	FALSE
11713.10.F.10F	FALSE
11713.10.F.10G	FALSE
11713.10.O.10A	FALSE
11713.10.O.10B	FALSE
11713.10.O.10C	FALSE
11713.10.O.10D	FALSE
11713.10.O.10E	FALSE
11713.10.O.10G	FALSE
11713.10.S.10A	FALSE
11713.10.S.10B	FALSE
11713.10.S.10C	FALSE
11713.10.S.10D	FALSE
11713.10.S.10E	FALSE
11713.10.S.10F	FALSE
11713.11.F.11A	FALSE
11713.11.F.11B	FALSE
11713.11.F.11C	FALSE
11713.11.F.11D	FALSE
11713.11.F.11F	FALSE
11713.11.F.11G	FALSE
11713.11.O.11A	FALSE
11713.11.O.11B	FALSE
11713.11.O.11C	FALSE
11713.11.O.11D	FALSE
11713.11.O.11E	FALSE
11713.11.O.11F	FALSE
11713.11.S.11A	FALSE
11713.11.S.11B	FALSE
11713.11.S.11C	FALSE
11713.11.S.11D	FALSE
11713.11.S.11E	FALSE
11713.11.S.11F	FALSE
11713.11.S.11G	FALSE
11713.12.F.12A	FALSE
11713.12.F.12B	FALSE
11713.12.F.12C	FALSE
11713.12.F.12D	FALSE
11713.12.F.12E	FALSE
11713.12.O.12A	FALSE
11713.12.O.12B	FALSE
11713.12.O.12C	FALSE
11713.12.O.12D	FALSE
11713.12.O.12E	FALSE
11713.12.O.12F	FALSE
11713.12.S.12A	FALSE
11713.12.S.12B	FALSE
11713.12.S.12C	FALSE
11713.12.S.12D	FALSE
11713.12.S.12E	FALSE
11713.12.S.12F	FALSE
11713.13.F.13A	FALSE
11713.13.F.13B	FALSE
11713.13.F.13C	FALSE
11713.13.F.13D	FALSE
11713.13.F.13E	FALSE
11713.13.O.13A	FALSE
11713.13.O.13B	FALSE
11713.13.O.13C	FALSE
11713.13.O.13D	FALSE
11713.13.O.13E	FALSE
11713.13.S.13A	FALSE
11713.13.S.13B	FALSE
11713.13.S.13C	FALSE
11713.13.S.13D	FALSE
11713.13.S.13E	FALSE
11713.13.S.13F	FALSE
11713.14.F.14A	FALSE
11713.14.F.14B	FALSE
11713.14.O.14A	FALSE
11713.14.O.14B	FALSE
11713.14.O.14C	FALSE
11713.14.O.14D	FALSE
11713.14.S.14A	FALSE
11713.14.S.14B	FALSE
11713.14.S.14C	FALSE
11713.14.S.14D	FALSE
11713.14.S.14E	FALSE
11713.15.F.15A	FALSE
11713.15.F.15B	FALSE
11713.15.F.15D	FALSE
11713.15.F.15F	FALSE
11713.15.O.15A	FALSE
11713.15.O.15B	FALSE
11713.15.O.15C	FALSE
11713.15.O.15D	FALSE
11713.15.O.15F	FALSE
11713.15.S.15A	FALSE
11713.15.S.15B	FALSE
11713.15.S.15C	FALSE
11713.15.S.15D	FALSE
11713.15.S.15E	FALSE
11713.15.S.15F	FALSE
11713.15.S.15G	FALSE
11713.16.F.16A	FALSE
11713.16.F.16B	FALSE
11713.16.F.16C	FALSE
11713.16.F.16D	FALSE
11713.16.F.16E	FALSE
11713.16.O.16A	FALSE
11713.16.O.16B	FALSE
11713.16.O.16C	FALSE
11713.16.O.16D	FALSE
11713.16.O.16E	FALSE
11713.16.O.16F	FALSE
11713.16.O.16G	FALSE
11713.16.S.16A	FALSE
11713.16.S.16B	FALSE
11713.16.S.16C	FALSE
11713.16.S.16D	FALSE
11713.16.S.16E	FALSE
11713.16.S.16F	FALSE
11713.16.S.16G	FALSE
11713.17.F.17A	FALSE
11713.17.F.17B	FALSE
11713.17.F.17C	FALSE
11713.17.F.17E	FALSE
11713.17.F.17F	FALSE
11713.17.F.17G	FALSE
11713.17.O.17A	FALSE
11713.17.O.17B	FALSE
11713.17.O.17C	FALSE
11713.17.O.17D	FALSE
11713.17.O.17F	FALSE
11713.17.O.17G	FALSE
11713.17.S.17A	FALSE
11713.17.S.17B	FALSE
11713.17.S.17C	FALSE
11713.17.S.17D	FALSE
11713.17.S.17E	FALSE
11713.17.S.17F	FALSE
11713.17.S.17G	FALSE
11713.18.F.18A	FALSE
11713.18.F.18B	FALSE
11713.18.F.18C	FALSE
11713.18.F.18D	FALSE
11713.18.F.18F	FALSE
11713.18.F.18G	FALSE
11713.18.O.18A	FALSE
11713.18.O.18B	FALSE
11713.18.O.18C	FALSE
11713.18.O.18D	FALSE
11713.18.O.18E	FALSE
11713.18.O.18F	FALSE
11713.18.O.18G	FALSE
11713.18.S.18A	FALSE
11713.18.S.18B	FALSE
11713.18.S.18C	FALSE
11713.18.S.18D	FALSE
11713.18.S.18E	FALSE
11713.18.S.18F	FALSE
11713.18.S.18G	FALSE
11713.19.F.19A	FALSE
11713.19.F.19B	FALSE
11713.19.F.19C	FALSE
11713.19.F.19D	FALSE
11713.19.O.19A	FALSE
11713.19.O.19D	FALSE
11713.19.O.19E	FALSE
11713.19.O.19F	FALSE
11713.19.O.19G	FALSE
11713.19.S.19A	FALSE
11713.19.S.19B	FALSE
11713.19.S.19C	FALSE
11713.19.S.19D	FALSE
11713.19.S.19E	FALSE
11713.19.S.19F	FALSE
11713.2.C.2A	FALSE
11713.2.F.2A	FALSE
11713.2.F.2B	FALSE
11713.2.F.2C	FALSE
11713.2.F.2D	FALSE
11713.2.F.2E	FALSE
11713.2.F.2F	FALSE
11713.2.F.2G	FALSE
11713.2.F.2H	FALSE
11713.2.O.2A	FALSE
11713.2.O.2B	FALSE
11713.2.O.2C	FALSE
11713.2.O.2D	FALSE
11713.2.O.2E	FALSE
11713.2.O.2F	FALSE
11713.2.O.2G	FALSE
11713.2.O.2H	FALSE
11713.2.O.2I	FALSE
11713.2.S.2A	FALSE
11713.2.S.2B	FALSE
11713.2.S.2C	FALSE
11713.2.S.2D	FALSE
11713.2.S.2E	FALSE
11713.2.S.2F	FALSE
11713.2.S.2G	FALSE
11713.20.F.20A	FALSE
11713.20.F.20C	FALSE
11713.20.F.20D	FALSE
11713.20.F.20E	FALSE
11713.20.F20B	FALSE
11713.20.O.20A	FALSE
11713.20.O.20C	FALSE
11713.20.O.20D	FALSE
11713.20.O.20E	FALSE
11713.20.O.20F	FALSE
11713.20.O.20G	FALSE
11713.20.S.20A	FALSE
11713.20.S.20B	FALSE
11713.20.S.20C	FALSE
11713.20.S.20D	FALSE
11713.20.S.20E	FALSE
11713.20.S.20F	FALSE
11713.21.F.21A	FALSE
11713.21.F.21B	FALSE
11713.21.F.21C	FALSE
11713.21.F.21D	FALSE
11713.21.F.21E	FALSE
11713.21.O.21A	FALSE
11713.21.O.21B	FALSE
11713.21.O.21C	FALSE
11713.21.O.21D	FALSE
11713.21.O.21E	FALSE
11713.21.O.21F	FALSE
11713.21.S.21A	FALSE
11713.21.S.21B	FALSE
11713.21.S.21C	FALSE
11713.21.S.21E	FALSE
11713.21.S.21F	FALSE
11713.21.S.21G	FALSE
11713.22.F.22A	FALSE
11713.22.F.22C	FALSE
11713.22.F.22D	FALSE
11713.22.F.22E	FALSE
11713.22.F.22F	FALSE
11713.22.O.22A	FALSE
11713.22.O.22B	FALSE
11713.22.O.22C	FALSE
11713.22.O.22D	FALSE
11713.22.O.22E	FALSE
11713.22.O.22F	FALSE
11713.22.O.22G	FALSE
11713.22.S.22A	FALSE
11713.22.S.22B	FALSE
11713.22.S.22C	FALSE
11713.22.S.22D	FALSE
11713.22.S.22E	FALSE
11713.22.S.22F	FALSE
11713.22.S.22G	FALSE
11713.23.F.23A	FALSE
11713.23.F.23B	FALSE
11713.23.F.23C	FALSE
11713.23.F.23D	FALSE
11713.23.F.23E	FALSE
11713.23.F.23F	FALSE
11713.23.O.23A	FALSE
11713.23.O.23B	FALSE
11713.23.O.23C	FALSE
11713.23.O.23D	FALSE
11713.23.O.23E	FALSE
11713.23.O.23F	FALSE
11713.23.O.23G	FALSE
11713.23.S.23A	FALSE
11713.23.S.23B	FALSE
11713.23.S.23C	FALSE
11713.23.S.23D	FALSE
11713.23.S.23E	FALSE
11713.23.S.23F	FALSE
11713.23.S.23G	FALSE
11713.24.F.24A	FALSE
11713.24.F.24B	FALSE
11713.24.F.24C	FALSE
11713.24.O.24A	FALSE
11713.24.O.24B	FALSE
11713.24.O.24C	FALSE
11713.24.O.24D	FALSE
11713.24.O.24E	FALSE
11713.24.O.24F	FALSE
11713.24.O.24G	FALSE
11713.24.S.24A	FALSE
11713.24.S.24B	FALSE
11713.24.S.24C	FALSE
11713.24.S.24D	FALSE
11713.24.S.24E	FALSE
11713.24.S.24F	FALSE
11713.25.F.25A	FALSE
11713.25.F.25B	FALSE
11713.25.F.25C	FALSE
11713.25.F.25D	FALSE
11713.25.F.25E	FALSE
11713.25.O.25A	FALSE
11713.25.O.25B	FALSE
11713.25.O.25C	FALSE
11713.25.O.25D	FALSE
11713.25.O.25E	FALSE
11713.25.O.25F	FALSE
11713.25.O.25G	FALSE
11713.25.S.25A	FALSE
11713.25.S.25B	FALSE
11713.25.S.25C	FALSE
11713.25.S.25D	FALSE
11713.25.S.25E	FALSE
11713.25.S.25F	FALSE
11713.25.S.25G	FALSE
11713.3.F.3A	FALSE
11713.3.F.3B	FALSE
11713.3.F.3C	FALSE
11713.3.F.3D	FALSE
11713.3.F.3E	FALSE
11713.3.O.3A	FALSE
11713.3.O.3B	FALSE
11713.3.O.3C	FALSE
11713.3.O.3D	FALSE
11713.3.O.3E	FALSE
11713.3.O.3F	FALSE
11713.3.O.3G	FALSE
11713.3.O.3H	FALSE
11713.3.S.3A	FALSE
11713.3.S.3B	FALSE
11713.3.S.3C	FALSE
11713.3.S.3D	FALSE
11713.4.F.4A	FALSE
11713.4.F.4B	FALSE
11713.4.F.4C	FALSE
11713.4.F.4D	FALSE
11713.4.F.4E	FALSE
11713.4.F.4F	FALSE
11713.4.F.4G	FALSE
11713.4.O.4A	FALSE
11713.4.O.4B	FALSE
11713.4.O.4C	FALSE
11713.4.O.4D	FALSE
11713.4.O.4E	FALSE
11713.4.O.4F	FALSE
11713.4.S.4A	FALSE
11713.4.S.4B	FALSE
11713.4.S.4C	FALSE
11713.4.S.4D	FALSE
11713.4.S.4E	FALSE
11713.4.S.4F	FALSE
11713.4.S.4G	FALSE
11713.4.S.4H	FALSE
11713.5.F.5A	FALSE
11713.5.F.5B	FALSE
11713.5.F.5C	FALSE
11713.5.F.5D	FALSE
11713.5.F.5E	FALSE
11713.5.F.5F	FALSE
11713.5.O.5A	FALSE
11713.5.O.5B	FALSE
11713.5.O.5C	FALSE
11713.5.O.5D	FALSE
11713.5.O.5E	FALSE
11713.5.O.5F	FALSE
11713.5.O.5G	FALSE
11713.5.S.5A	FALSE
11713.5.S.5B	FALSE
11713.5.S.5C	FALSE
11713.5.S.5D	FALSE
11713.5.S.5E	FALSE
11713.5.S.5F	FALSE
11713.5.S.5G	FALSE
11713.6.F.6A	FALSE
11713.6.F.6C	FALSE
11713.6.O.6A	FALSE
11713.6.O.6B	FALSE
11713.6.O.6C	FALSE
11713.6.O.6D	FALSE
11713.6.O.6E	FALSE
11713.6.S.6A	FALSE
11713.6.S.6B	FALSE
11713.6.S.6C	FALSE
11713.6.S.6D	FALSE
11713.6.S.6E	FALSE
11713.7.F.7A	FALSE
11713.7.F.7B	FALSE
11713.7.F.7C	FALSE
11713.7.O.7A	FALSE
11713.7.O.7B	FALSE
11713.7.O.7D	FALSE
11713.7.S.7B	FALSE
11713.7.S.7C	FALSE
11713.7.S.7D	FALSE
11713.8.F.8A	FALSE
11713.8.F.8B	FALSE
11713.8.F.8C	FALSE
11713.8.F.8D	FALSE
11713.8.F.8E	FALSE
11713.8.F.8F	FALSE
11713.8.O.8B	FALSE
11713.8.O.8C	FALSE
11713.8.O.8D	FALSE
11713.8.O.8E	FALSE
11713.8.S.8A	FALSE
11713.8.S.8B	FALSE
11713.8.S.8C	FALSE
11713.8.S.8D	FALSE
11713.8.S.8E	FALSE
11713.8.S.8F	FALSE
11713.8.S.8G	FALSE
11713.9.F.9A	FALSE
11713.9.F.9B	FALSE
11713.9.F.9D	FALSE
11713.9.F.9E	FALSE
11713.9.F.9F	FALSE
11713.9.F.9G	FALSE
11713.9.O.9A	FALSE
11713.9.O.9B	FALSE
11713.9.O.9C	FALSE
11713.9.O.9E	FALSE
11713.9.O.9F	FALSE
11713.9.S.9A	FALSE
11713.9.S.9B	FALSE
11713.9.S.9C	FALSE
11713.9.S.9D	FALSE
11713.9.S.9E	FALSE
11713.9.S.9F	FALSE
11713.BLANK1.1B	TRUE
11713.BLANK1.1C	TRUE
11713.BLANK1.1E	TRUE
11713.BLANK1.1G	TRUE
11713.BLANK1.1H	TRUE
11713.BLANK2.2A	TRUE
11713.BLANK2.2C	TRUE
11713.BLANK2.2E	TRUE
11713.BLANK2.2F	TRUE
11713.BLANK3.3B	TRUE
11713.BLANK3.3C	TRUE
11713.BLANK3.3E	TRUE
11713.BLANK3.3F	TRUE
11713.BLANK3.3G	TRUE
11713.BLANK3.3H	TRUE
11713.BLANK4.12A	TRUE
11713.BLANK4.12B	TRUE
11713.BLANK4.12E	TRUE
11713.BLANK4.12F	TRUE
11713.BLANK4.12G	TRUE
11713.BLANK4.3G	TRUE
11713.BLANK4.3H	TRUE
11713.BLANK4.4B	TRUE
11713.BLANK4.4C	TRUE
11713.BLANK4.4D	TRUE
11713.BLANK4.4E	TRUE
11713.BLANK4.4F	TRUE
11713.BLANK4.4G	TRUE
11713.BLANK4.4H	TRUE
11713.BLANK5.5C	TRUE
11713.BLANK5.7H	TRUE
11713.BLANK5.9C	TRUE
11713.BLANK6.6D	TRUE
11713.BLANK6.6E	TRUE
11713.BLANK6.8H	TRUE
